{
    "accuracy": 0.9583333333333334,
    "precision": 0.9230769230769231,
    "recall": 0.7164179104477612,
    "auc": 0.9281889521464841
}
